"word_pos_id","category_id"
"60","1"
"5578","2"
"141","3"
"1068","3"
"1544","4"
"1544","5"
"1712","6"
"7948","2"
"7948","7"
"3002","8"
"3002","5"
"271","9"
"271","10"
"2416","11"
"2416","12"
"727","2"
"1021","8"
"1021","7"
"4327","3"
"5228","13"
"3556","3"
"2632","14"
"2632","15"
"2273","16"
"2273","15"
"7931","11"
"7931","17"
"7931","12"
"965","11"
"965","17"
"965","12"
"3607","18"
"3880","2"
"673","2"
"6615","19"
"6615","20"
"43","13"
"43","12"
"765","3"
"765","20"
"1814","8"
"1288","3"
"1539","12"
"958","11"
"4028","21"
"3119","21"
"3119","15"
"5589","3"
"301","6"
"301","10"
"1939","6"
"1939","10"
"248","3"
"248","11"
"248","12"
"2927","3"
"2927","11"
"2927","12"
"3033","14"
"3033","15"
"2276","4"
"2276","5"
"5640","11"
"5640","2"
"3283","13"
"3283","12"
"218","8"
"218","5"
"5263","11"
"5831","9"
"5831","10"
"2123","21"
"563","11"
"2179","22"
"2179","11"
"6816","11"
"6816","12"
"4596","8"
"4596","5"
"45","4"
"45","5"
"2408","8"
"2408","9"
"2408","5"
"2529","8"
"2529","5"
"5337","23"
"5337","24"
"2613","22"
"247975","2"
"247975","22"
"2970","2"
"1086","2"
"3400","2"
"5359","21"
"5359","20"
"7961","21"
"6242","3"
"6322","3"
"679","2"
"1427","9"
"1427","5"
"962","3"
"7478","14"
"7478","15"
"2001","3"
"3351","12"
"4431","3"
"4431","25"
"1501","14"
"1501","15"
"1972","21"
"1972","15"
"3801","14"
"3801","18"
"3801","15"
"1658","13"
"1658","7"
"5143","26"
"5143","24"
"1965","2"
"6398","8"
"6398","7"
"1518","2"
"1574","23"
"1574","6"
"1143","8"
"1143","7"
"5925","3"
"1491","9"
"1491","27"
"4402","3"
"3376","20"
"1226","22"
"4475","22"
"340","3"
"6835","11"
"6835","3"
"697","11"
"604","23"
"604","6"
"808","9"
"808","28"
"6432","11"
"6432","12"
"6234","11"
"6234","12"
"7373","11"
"7373","12"
"6705","9"
"6705","29"
"6705","28"
"1527","8"
"917","9"
"917","16"
"917","28"
"336","3"
"2583","13"
"2583","7"
"3664","28"
"148563","30"
"1384","11"
"1384","9"
"1384","25"
"4","2"
"4","25"
"1121","8"
"1121","5"
"1730","14"
"1730","15"
"3739","14"
"3739","3"
"3739","15"
"8056","6"
"8056","15"
"8023","11"
"8023","29"
"8023","12"
"6311","29"
"6311","15"
"2253","2"
"3957","3"
"3957","16"
"3671","3"
"2840","3"
"452","11"
"4019","11"
"4019","12"
"2616","9"
"2616","25"
"5319","11"
"5319","12"
"5211","11"
"5211","12"
"8389","3"
"8873","11"
"8873","16"
"8873","12"
"5946","16"
"5946","14"
"5946","15"
"6336","3"
"316","2"
"316","25"
"16006","22"
"3082","18"
"3082","15"
"5146","11"
"5146","12"
"2388","26"
"2388","12"
"215","3"
"215","15"
"2821","9"
"2821","28"
"928","18"
"928","15"
"8820","23"
"8820","6"
"882","23"
"882","6"
"21811","26"
"21811","12"
"26446","11"
"26446","12"
"10525","7"
"16840","13"
"13703","23"
"13703","6"
"26962","8"
"26962","16"
"26962","5"
"11920","8"
"11920","16"
"11920","5"
"22280","23"
"22280","28"
"17093","22"
"18368","15"
"10502","6"
"10502","31"
"11196","8"
"11196","5"
"21013","11"
"21013","12"
"13305","9"
"13305","6"
"11078","23"
"11078","28"
"12005","14"
"12005","15"
"16527","29"
"16527","15"
"16482","29"
"16482","14"
"16482","15"
"18307","9"
"9922","2"
"17533","22"
"23803","31"
"23803","6"
"10858","9"
"10858","10"
"17520","11"
"17520","12"
"10927","8"
"10927","10"
"19235","2"
"13954","9"
"13954","22"
"15802","15"
"9764","9"
"9764","11"
"9764","10"
"18910","9"
"18910","28"
"10781","6"
"9238","22"
"12247","11"
"12247","12"
"19387","23"
"19387","28"
"11404","3"
"15182","2"
"13604","11"
"13604","12"
"16874","14"
"16874","15"
"14599","23"
"14599","28"
"14063","23"
"14063","6"
"13041","3"
"15333","23"
"15333","6"
"13759","14"
"13759","15"
"19185","15"
"11848","19"
"11848","20"
"22941","23"
"22941","28"
"18303","9"
"18303","28"
"12778","23"
"12778","28"
"12157","2"
"12157","25"
"10115","2"
"11612","28"
"20083","32"
"20083","8"
"20083","28"
"26203","22"
"17079","7"
"13745","14"
"13745","15"
"14536","3"
"19172","23"
"19172","28"
"23352","23"
"23352","28"
"17148","23"
"14713","3"
"19207","22"
"9458","22"
"17691","12"
"15910","19"
"15910","20"
"15793","23"
"15793","6"
"22429","6"
"13280","9"
"13280","28"
"17782","11"
"20593","22"
"15352","16"
"15352","15"
"12483","11"
"17248","16"
"17248","4"
"17248","5"
"9946","6"
"9771","6"
"10003","23"
"10003","28"
"16343","3"
"11883","3"
"11356","3"
"17412","3"
"12829","3"
"12829","11"
"15949","23"
"15949","28"
"10020","26"
"10020","24"
"19681","13"
"19681","12"
"19082","13"
"19082","12"
"20706","22"
"13056","11"
"13056","12"
"24269","19"
"24269","20"
"10041","33"
"10196","3"
"13743","23"
"13743","6"
"13250","2"
"11369","9"
"11369","28"
"15293","9"
"24195","9"
"22867","33"
"11395","23"
"11395","28"
"21062","4"
"21062","16"
"21062","5"
"23358","7"
"9241","2"
"9241","25"
"23830","3"
"10580","2"
"10580","25"
"14033","11"
"14033","10"
"9915","23"
"9915","15"
"12972","6"
"21526","8"
"21526","5"
"17711","28"
"18280","6"
"18300","9"
"18300","6"
"9903","31"
"9903","6"
"11866","23"
"13332","11"
"13332","12"
"15667","3"
"18269","22"
"18269","6"
"24735","22"
"21192","14"
"19042","23"
"19042","6"
"11079","23"
"11079","6"
"12977","11"
"12977","14"
"12977","12"
"11808","16"
"11808","15"
"13698","13"
"13698","12"
"19041","13"
"19041","12"
"9300","31"
"9300","6"
"22495","31"
"22495","6"
"23815","7"
"21546","9"
"21546","10"
"16941","6"
"11426","22"
"18978","22"
"13506","7"
"26074","7"
"21439","3"
"21439","34"
"9129","35"
"13322","9"
"13322","28"
"20240","23"
"9512","26"
"9512","12"
"13871","9"
"13871","28"
"17666","2"
"17666","18"
"17666","15"
"11411","11"
"11411","18"
"11411","12"
"13813","22"
"24331","3"
"16608","26"
"16608","12"
"14194","26"
"10945","3"
"10945","23"
"10945","6"
"13476","23"
"13476","6"
"11879","11"
"11879","10"
"13568","11"
"13568","12"
"20466","9"
"20466","28"
"19087","36"
"23008","2"
"17250","22"
"12328","19"
"12961","9"
"16925","11"
"9391","22"
"14101","2"
"9712","2"
"20769","26"
"20769","24"
"19980","4"
"19980","9"
"19980","5"
"12787","9"
"12787","27"
"9288","11"
"9288","24"
"11365","11"
"11365","12"
"17684","12"
"12365","11"
"12365","6"
"12365","12"
"15308","22"
"14206","31"
"14206","6"
"22510","12"
"13726","4"
"13726","9"
"13726","5"
"20626","22"
"10040","4"
"10040","8"
"10040","5"
"11337","28"
"13710","9"
"13710","22"
"16171","9"
"16171","22"
"11699","23"
"14458","22"
"22870","3"
"20330","23"
"20330","6"
"15276","28"
"17100","10"
"24682","23"
"24682","5"
"18192","16"
"18192","15"
"13335","15"
"11713","16"
"11713","15"
"10696","3"
"20023","6"
"13975","28"
"10796","7"
"12371","23"
"12371","6"
"19177","22"
"14443","21"
"11561","9"
"11561","22"
"9875","31"
"9875","6"
"19403","27"
"15785","11"
"15785","12"
"13697","2"
"20000","2"
"9382","9"
"9382","4"
"9382","5"
"23816","6"
"23816","23"
"24051","6"
"14286","7"
"18788","11"
"18788","24"
"14285","15"
"11729","23"
"11729","28"
"25209","5"
"10905","4"
"10905","5"
"21460","6"
"20427","14"
"20427","15"
"16151","28"
"14928","23"
"12134","6"
"12134","10"
"12602","23"
"12602","15"
"9972","12"
"26430","28"
"21211","6"
"18124","6"
"21427","9"
"21427","28"
"17783","28"
"14292","14"
"14292","15"
"21172","23"
"21172","28"
"10635","24"
"16522","18"
"16522","12"
"12720","3"
"17117","23"
"17117","6"
"17161","11"
"17161","12"
"15881","9"
"15881","28"
"22311","22"
"14985","24"
"21895","3"
"15691","3"
"26844","23"
"26844","28"
"18004","22"
"10408","25"
"14504","15"
"22874","2"
"14717","21"
"14717","3"
"14717","15"
"13881","12"
"22390","6"
"10356","4"
"10356","21"
"15513","3"
"21867","15"
"18177","10"
"20313","8"
"20313","10"
"17224","7"
"23385","22"
"23108","12"
"19271","34"
"15944","11"
"15944","12"
"26658","3"
"11300","34"
"18345","10"
"18081","22"
"18373","15"
"16477","7"
"22498","22"
"15693","12"
"24557","26"
"24557","12"
"26212","22"
"24316","22"
"20049","28"
"16873","3"
"26199","7"
"10653","22"
"26381","9"
"26381","28"
"14872","14"
"14872","15"
"22015","14"
"22015","15"
"26702","5"
"18574","9"
"18574","15"
"25550","1"
"25726","1"
"11968","28"
"25200","3"
"20121","3"
"14361","22"
"14625","3"
"43615","3"
"43615","25"
"14201","3"
"25591","20"
"10768","28"
"22696","11"
"22696","12"
"24674","11"
"24674","12"
"26419","35"
"22852","16"
"18250","16"
"18250","12"
"25946","15"
"25337","9"
"25337","7"
"13596","23"
"13596","28"
"14528","23"
"14528","6"
"21640","6"
"17241","35"
"23894","14"
"23894","25"
"10534","12"
"22725","4"
"22725","12"
"9472","28"
"21115","31"
"21115","6"
"20816","22"
"23592","22"
"13195","22"
"15580","22"
"24928","22"
"19527","6"
"25221","22"
"16286","22"
"10750","8"
"10750","35"
"20773","2"
"17157","31"
"17157","6"
"23065","11"
"23065","12"
"19016","14"
"13234","12"
"25207","3"
"25207","9"
"20724","20"
"18606","20"
"10627","33"
"32624","33"
"21587","33"
"17037","33"
"38812","33"
"37547","33"
"13593","11"
"13593","12"
"25083","6"
"10854","12"
"14000","14"
"14000","29"
"14000","15"
"29298","15"
"9388","11"
"9388","12"
"15202","11"
"20530","1"
"23179","11"
"24507","11"
"24507","29"
"24507","12"
"20175","3"
"12350","3"
"11819","36"
"9989","23"
"9989","28"
"26653","14"
"26653","15"
"11779","12"
"13077","11"
"19505","21"
"21410","8"
"13076","2"
"14554","20"
"22965","3"
"22965","21"
"18897","12"
"11133","11"
"11133","12"
"21465","11"
"15868","23"
"15868","28"
"15211","3"
"15211","20"
"23211","3"
"23211","27"
"14630","11"
"14630","8"
"14630","24"
"20012","2"
"16030","11"
"16030","12"
"9517","28"
"24982","22"
"16242","11"
"16242","8"
"16242","12"
"21986","3"
"21986","10"
"24162","21"
"17965","3"
"13995","22"
"15348","23"
"15348","28"
"24274","3"
"14331","6"
"22624","9"
"22624","28"
"19255","31"
"19255","6"
"20129","23"
"20129","28"
"17223","8"
"17223","7"
"23006","28"
"13025","1"
"13025","27"
"21333","1"
"14608","1"
"14608","32"
"14608","27"
"17399","1"
"21541","26"
"21541","12"
"29583","22"
"11844","3"
"11844","4"
"18639","9"
"18639","25"
"24465","26"
"24465","12"
"11705","23"
"11705","6"
"19838","11"
"19838","12"
"18008","2"
"18008","5"
"13072","3"
"16613","22"
"20344","11"
"20344","12"
"26314","3"
"12966","6"
"12966","10"
"11565","11"
"11565","12"
"9713","15"
"23960","2"
"23960","25"
"24088","2"
"24088","25"
"10059","2"
"11667","3"
"11667","11"
"16475","3"
"16475","21"
"14200","22"
"18618","21"
"13316","8"
"13316","5"
"16385","9"
"25984","9"
"25984","5"
"24254","8"
"24254","5"
"23333","2"
"23333","5"
"12752","3"
"40119","3"
"40119","29"
"25061","22"
"22902","31"
"22902","6"
"22585","1"
"22585","15"
"23971","23"
"23971","6"
"26288","28"
"9229","8"
"26480","14"
"24658","6"
"16688","3"
"11588","22"
"17015","21"
"17015","15"
"11809","23"
"11809","28"
"23246","23"
"23246","6"
"10516","1"
"10516","14"
"10516","27"
"22437","6"
"22437","10"
"15938","8"
"15938","5"
"22581","8"
"22581","5"
"15365","13"
"15365","12"
"26495","5"
"18648","15"
"16138","16"
"16138","15"
"37534","26"
"37534","12"
"28629","3"
"31058","3"
"31058","27"
"40826","2"
"35539","14"
"35539","15"
"31801","14"
"31801","12"
"28756","14"
"28756","15"
"30600","3"
"30905","2"
"30905","5"
"27918","12"
"42254","26"
"42254","12"
"27549","19"
"28417","3"
"35553","19"
"35553","20"
"35011","11"
"35011","12"
"32643","3"
"32993","6"
"40670","8"
"40670","6"
"37439","5"
"30973","3"
"30973","2"
"33124","3"
"38929","3"
"35105","19"
"38340","3"
"34671","2"
"31114","8"
"40161","8"
"40161","10"
"35865","2"
"38342","6"
"30488","12"
"35198","11"
"35198","10"
"28123","8"
"32608","37"
"38857","28"
"29437","29"
"29437","15"
"32241","11"
"32241","12"
"34909","23"
"34909","28"
"32506","28"
"29171","8"
"30926","11"
"30926","12"
"27414","20"
"30225","3"
"31400","23"
"40224","3"
"35025","23"
"35025","6"
"29055","8"
"29055","7"
"30174","8"
"30174","7"
"28691","23"
"28691","6"
"37470","3"
"37470","12"
"34075","23"
"34075","3"
"29536","22"
"33342","22"
"30110","3"
"38572","8"
"38572","7"
"30608","3"
"37541","11"
"37541","12"
"28036","24"
"34340","2"
"42063","18"
"42063","15"
"27383","21"
"36372","15"
"29643","6"
"33943","3"
"30029","2"
"27971","8"
"27971","7"
"29990","23"
"29990","6"
"34458","23"
"34458","28"
"38392","18"
"38392","15"
"40855","13"
"40855","12"
"30518","6"
"27913","5"
"41094","11"
"41094","12"
"31091","1"
"31091","28"
"31303","16"
"31303","15"
"31917","16"
"31917","15"
"35131","26"
"35131","25"
"32463","11"
"32463","12"
"37184","3"
"27563","30"
"27563","11"
"27362","9"
"27362","28"
"35930","11"
"35930","12"
"35689","3"
"37381","14"
"37381","18"
"37381","15"
"36993","14"
"36993","15"
"28616","6"
"35753","23"
"35753","28"
"30998","11"
"30998","12"
"35827","23"
"35827","28"
"34181","9"
"34181","30"
"34181","28"
"33789","9"
"33789","28"
"28189","36"
"36043","11"
"36043","12"
"37836","14"
"37836","15"
"30824","31"
"30824","6"
"31240","28"
"30423","15"
"34207","31"
"34207","6"
"27945","23"
"27945","3"
"35927","22"
"37967","14"
"37967","5"
"30050","14"
"30050","11"
"30050","12"
"27005","2"
"36565","8"
"36565","6"
"41537","9"
"41537","6"
"41585","16"
"41585","15"
"28053","9"
"38614","23"
"27153","23"
"27153","28"
"32252","23"
"32252","28"
"31423","21"
"31423","12"
"35574","1"
"32806","7"
"31866","6"
"29949","6"
"30066","1"
"30066","27"
"30978","2"
"30978","35"
"34302","3"
"28005","12"
"36785","11"
"36785","24"
"31759","3"
"30663","23"
"32841","21"
"33246","11"
"33246","12"
"29550","18"
"29550","12"
"27939","3"
"33678","11"
"33678","3"
"33678","12"
"41566","11"
"41781","22"
"43559","2"
"43559","25"
"29107","12"
"29070","8"
"29070","10"
"29940","36"
"29940","3"
"33007","9"
"33007","28"
"29956","18"
"29956","10"
"29142","9"
"29142","28"
"36708","2"
"30819","1"
"30819","25"
"33502","1"
"33502","27"
"39585","11"
"39585","12"
"30529","11"
"30529","12"
"35222","11"
"35222","12"
"37636","21"
"33489","21"
"42508","25"
"33930","11"
"33930","5"
"27581","11"
"27581","12"
"32017","3"
"32017","11"
"32017","24"
"40592","1"
"40592","12"
"36531","8"
"47991","3"
"39445","3"
"31249","11"
"42531","11"
"42531","12"
"43138","14"
"43138","15"
"33986","23"
"33986","28"
"40234","28"
"44482","11"
"44482","12"
"28942","25"
"43467","21"
"43467","15"
"36791","3"
"34308","2"
"34781","9"
"34781","28"
"34995","3"
"34995","21"
"58867","11"
"58867","12"
"36424","28"
"28433","14"
"28433","15"
"32931","3"
"58129","3"
"34351","11"
"34351","12"
"37107","12"
"41885","14"
"41885","15"
"33095","11"
"33095","12"
"36425","16"
"36425","15"
"42270","14"
"42270","15"
"41043","23"
"41043","28"
"42068","8"
"42068","5"
"41044","6"
"36558","11"
"36558","12"
"26999","11"
"26999","12"
"40339","2"
"33630","2"
"37572","11"
"38729","7"
"41583","7"
"46061","7"
"43939","7"
"42777","8"
"47815","31"
"47815","6"
"48629","7"
"54496","9"
"54496","28"
"45412","21"
"45108","26"
"45108","12"
"45512","23"
"45512","12"
"50462","21"
"50462","15"
"53360","8"
"53360","5"
"46905","9"
"46905","28"
"47347","11"
"47347","12"
"54076","9"
"45262","6"
"49870","26"
"49870","12"
"46026","12"
"52423","12"
"49834","22"
"50834","8"
"50834","5"
"55243","22"
"50495","12"
"45699","9"
"45699","28"
"50355","4"
"50355","5"
"47636","4"
"47636","5"
"44559","16"
"44559","15"
"45399","8"
"45399","7"
"44379","21"
"44379","15"
"55332","9"
"55332","28"
"57307","2"
"57307","25"
"44360","11"
"44360","12"
"47157","23"
"47467","22"
"45921","14"
"45921","15"
"44819","10"
"48847","7"
"45044","7"
"48609","23"
"46192","11"
"52928","23"
"52928","28"
"54904","14"
"46919","17"
"46919","15"
"45061","22"
"53743","11"
"53743","12"
"45954","16"
"45954","15"
"55987","16"
"55987","15"
"50681","9"
"57152","9"
"57152","28"
"52949","22"
"53955","22"
"44593","2"
"47255","4"
"47255","5"
"51263","4"
"51263","5"
"56869","19"
"47326","2"
"47326","35"
"52731","23"
"52731","28"
"46418","22"
"47902","8"
"47902","7"
"179839","3"
"53187","4"
"54700","35"
"45614","22"
"45614","23"
"45299","22"
"52903","7"
"51425","14"
"51425","15"
"58025","12"
"54962","21"
"48040","12"
"46285","11"
"46285","12"
"49499","28"
"45738","6"
"53922","3"
"48301","6"
"51453","9"
"51453","27"
"53956","23"
"53956","28"
"46698","3"
"46698","12"
"54282","28"
"51120","13"
"51120","25"
"52602","13"
"52602","25"
"47726","13"
"47726","25"
"56440","3"
"51897","1"
"48583","35"
"52212","22"
"44987","2"
"54671","38"
"53696","2"
"51814","24"
"57250","31"
"57250","6"
"55982","23"
"55982","28"
"44476","8"
"44409","9"
"44409","10"
"47264","14"
"47264","15"
"55119","12"
"57516","2"
"53775","9"
"53775","28"
"47717","28"
"54367","23"
"54367","28"
"46339","23"
"46339","28"
"46234","11"
"46234","12"
"55208","14"
"55208","11"
"55208","15"
"47691","22"
"51558","31"
"50139","9"
"50139","10"
"45868","23"
"45868","28"
"50461","23"
"50461","28"
"45099","3"
"45099","12"
"53549","3"
"46535","2"
"49242","3"
"57079","29"
"57079","15"
"54731","12"
"53857","3"
"55647","3"
"51555","3"
"45233","23"
"45233","6"
"45707","22"
"44923","12"
"44956","13"
"44956","12"
"54480","23"
"54480","6"
"47592","23"
"47592","28"
"52477","31"
"52477","6"
"45317","15"
"45133","11"
"45133","16"
"45133","12"
"46708","21"
"48780","21"
"52430","15"
"45020","11"
"45020","16"
"45020","12"
"57919","23"
"57919","6"
"58771","30"
"45177","18"
"45177","15"
"49557","9"
"49557","25"
"44280","9"
"44280","12"
"51365","31"
"51365","6"
"52598","3"
"45914","3"
"57949","3"
"48958","22"
"49962","3"
"57958","12"
"49349","12"
"59730","12"
"57477","26"
"57477","12"
"45337","26"
"45337","12"
"46415","26"
"46415","12"
"57097","26"
"57097","12"
"47700","26"
"47700","12"
"51209","12"
"51884","22"
"52143","3"
"48495","9"
"48495","28"
"49503","9"
"49503","28"
"47599","9"
"47599","28"
"46426","33"
"49292","33"
"45810","33"
"53684","9"
"53684","28"
"55687","33"
"52774","33"
"47512","23"
"47512","6"
"47850","26"
"48128","9"
"48128","15"
"51992","25"
"50357","11"
"50357","12"
"53252","2"
"53919","25"
"53705","3"
"46211","8"
"46211","12"
"57440","2"
"57741","2"
"58333","23"
"58333","15"
"44682","11"
"44682","12"
"51511","22"
"47323","22"
"55256","12"
"46713","9"
"46713","15"
"54843","3"
"55737","13"
"55737","12"
"64903","13"
"50389","3"
"46013","13"
"46013","7"
"66721","10"
"63691","11"
"63691","12"
"186063","23"
"186063","6"
"46876","9"
"46876","28"
"44500","22"
"48730","22"
"49854","23"
"49854","6"
"50687","7"
"51520","6"
"51520","31"
"55966","16"
"55966","15"
"48784","23"
"48784","6"
"61322","23"
"51226","3"
"55640","9"
"55640","28"
"49995","9"
"49995","28"
"44940","31"
"44940","6"
"49895","29"
"49895","15"
"66350","9"
"66350","28"
"46480","9"
"46480","28"
"52656","7"
"45069","8"
"45069","7"
"52930","18"
"52930","15"
"67587","23"
"67587","15"
"50265","9"
"50265","10"
"57664","8"
"57664","7"
"51176","7"
"55693","23"
"55693","28"
"59445","23"
"59445","28"
"52232","31"
"52232","6"
"59676","4"
"59676","5"
"59786","31"
"59786","6"
"45956","12"
"54572","9"
"48524","9"
"48524","5"
"68820","2"
"50577","8"
"50577","16"
"50577","5"
"45361","9"
"45361","28"
"57381","7"
"50595","3"
"47855","3"
"51639","8"
"51639","7"
"56306","14"
"56306","15"
"58097","15"
"48567","9"
"48567","28"
"44848","14"
"44848","15"
"50478","21"
"50127","26"
"50127","24"
"47184","1"
"47184","12"
"56193","3"
"58389","22"
"49172","8"
"49172","5"
"46355","9"
"46355","28"
"51582","9"
"51582","7"
"56680","8"
"56680","5"
"49607","8"
"49607","5"
"50033","9"
"50033","28"
"50317","26"
"50317","24"
"56021","26"
"56021","12"
"66259","26"
"66259","12"
"47090","26"
"47090","12"
"54956","26"
"54956","11"
"54956","24"
"46160","2"
"59392","16"
"59392","15"
"45973","11"
"45973","12"
"54478","26"
"54478","12"
"48488","9"
"48488","28"
"55087","3"
"61181","22"
"69669","11"
"69669","12"
"61424","3"
"61975","12"
"64058","8"
"64058","7"
"61618","12"
"67806","2"
"248056","23"
"61522","29"
"61522","15"
"63380","29"
"63380","15"
"65263","11"
"65263","24"
"70231","11"
"60756","2"
"60756","7"
"62331","11"
"66510","8"
"66510","7"
"60707","18"
"60707","10"
"67603","22"
"64925","9"
"64925","12"
"66003","3"
"61483","8"
"61483","7"
"66478","8"
"66478","7"
"60092","23"
"60092","6"
"63663","8"
"64352","11"
"64352","12"
"67057","19"
"67057","20"
"59909","3"
"67086","3"
"67086","12"
"63580","11"
"63580","3"
"67523","23"
"67523","15"
"63129","8"
"63129","10"
"61834","3"
"61834","12"
"64863","13"
"64863","12"
"62938","18"
"62938","2"
"62938","15"
"62675","11"
"62675","12"
"66367","25"
"69673","12"
"63933","25"
"67240","2"
"69556","3"
"67682","12"
"62219","12"
"60182","11"
"63587","12"
"64591","25"
"62634","23"
"62634","6"
"63135","11"
"63135","24"
"65508","1"
"65508","15"
"68318","1"
"62848","1"
"62848","28"
"60930","3"
"64463","3"
"66664","23"
"60104","31"
"60104","6"
"62232","6"
"64265","9"
"64265","28"
"66328","22"
"65658","23"
"65658","6"
"69039","29"
"69039","15"
"70207","31"
"70207","6"
"62652","4"
"62652","5"
"65812","6"
"70571","11"
"70571","12"
"72235","11"
"72235","12"
"70098","6"
"61065","6"
"65993","11"
"65993","12"
"60339","16"
"60339","15"
"67573","16"
"67573","15"
"65462","23"
"65462","15"
"64743","11"
"64743","12"
"65156","8"
"65156","5"
"68136","11"
"68136","2"
"68136","12"
"65935","2"
"68922","2"
"61694","16"
"61694","15"
"66169","23"
"66169","6"
"64983","22"
"63598","16"
"63598","15"
"62964","12"
"67521","23"
"66642","12"
"66817","14"
"66817","15"
"62304","11"
"62304","12"
"60728","23"
"60728","6"
"70781","23"
"70781","28"
"68743","23"
"62268","26"
"62268","12"
"71023","2"
"71023","25"
"62060","2"
"62060","25"
"65743","1"
"65743","25"
"60360","1"
"60360","27"
"71898","23"
"71898","28"
"62744","16"
"62744","15"
"69744","7"
"67316","23"
"67316","6"
"70322","3"
"74462","23"
"74462","28"
"82504","23"
"73630","11"
"73630","12"
"75600","23"
"75600","28"
"81624","11"
"81624","12"
"74568","11"
"74568","12"
"78783","11"
"78783","12"
"74368","13"
"74368","12"
"75028","28"
"74998","28"
"73408","1"
"73408","28"
"79368","12"
"73774","11"
"82239","9"
"82239","5"
"84658","1"
"84658","20"
"76883","7"
"73844","23"
"73844","6"
"84420","3"
"76930","2"
"76930","25"
"85443","11"
"85443","12"
"72737","11"
"72737","12"
"78296","11"
"78296","25"
"80813","9"
"79757","2"
"79757","15"
"73981","3"
"73021","3"
"80830","8"
"80830","10"
"74866","3"
"84345","3"
"84345","11"
"84345","12"
"75550","22"
"77949","7"
"83662","21"
"77551","2"
"81995","11"
"81995","2"
"81995","12"
"76508","16"
"76508","15"
"79388","22"
"74939","22"
"72513","3"
"81212","23"
"81212","10"
"85864","22"
"73193","12"
"74643","2"
"76080","11"
"76080","12"
"73983","9"
"73983","15"
"73427","23"
"73427","6"
"74527","11"
"74527","12"
"78262","13"
"82494","9"
"82494","5"
"81090","28"
"73730","23"
"73730","6"
"78340","31"
"78340","6"
"80534","4"
"80534","5"
"80166","7"
"84840","23"
"84506","18"
"84506","12"
"74700","21"
"74700","15"
"74896","8"
"74896","10"
"75137","28"
"73973","23"
"73973","28"
"72994","9"
"72994","28"
"78562","3"
"73146","23"
"73146","12"
"72481","26"
"72481","12"
"74688","8"
"74688","5"
"73381","22"
"76715","22"
"76533","7"
"83518","11"
"83518","24"
"74904","12"
"78045","29"
"78045","12"
"85432","23"
"85432","15"
"79119","11"
"79119","12"
"75770","23"
"75770","10"
"72493","23"
"72493","10"
"80403","11"
"80403","12"
"74261","8"
"74261","7"
"72606","13"
"72606","12"
"74605","9"
"74605","6"
"74154","26"
"74154","12"
"81844","26"
"81844","12"
"74503","13"
"74503","12"
"72640","11"
"72640","10"
"77387","11"
"77387","12"
"73842","22"
"79902","12"
"74970","9"
"74970","28"
"72625","23"
"81713","11"
"78784","11"
"78784","12"
"78282","23"
"78282","5"
"80788","6"
"82840","26"
"82840","25"
"72759","6"
"86009","2"
"86009","25"
"75477","11"
"75477","12"
"80779","12"
"72495","29"
"82116","14"
"82116","6"
"75893","13"
"75893","25"
"74042","3"
"74867","3"
"74867","11"
"74867","12"
"75459","3"
"80015","3"
"82661","9"
"82661","28"
"73033","11"
"73033","12"
"74423","22"
"84588","22"
"76573","11"
"76573","12"
"76501","8"
"76501","7"
"78519","18"
"78519","15"
"74373","25"
"76126","29"
"76126","15"
"74923","22"
"77047","25"
"77238","25"
"74186","22"
"79059","6"
"80572","11"
"80572","3"
"83032","18"
"83032","10"
"78278","11"
"78278","12"
"82934","3"
"75789","31"
"82128","23"
"82128","6"
"78548","3"
"74739","22"
"78671","2"
"84272","2"
"81386","2"
"81386","11"
"77289","22"
"74015","6"
"73871","12"
"75529","2"
"81973","35"
"73667","25"
"74916","23"
"74916","28"
"86251","18"
"86251","36"
"83315","3"
"74665","26"
"74665","12"
"73107","9"
"73107","28"
"81336","6"
"81660","11"
"81660","12"
"78005","9"
"84761","3"
"80153","28"
"74582","26"
"74582","12"
"90171","1"
"90171","12"
"72967","4"
"72967","5"
"93076","4"
"93076","5"
"82039","4"
"82039","5"
"84850","12"
"80294","5"
"80728","1"
"80728","28"
"75213","7"
"80956","17"
"80956","14"
"80956","15"
"72738","12"
"77281","12"
"82868","12"
"85608","6"
"84858","26"
"84858","12"
"83975","2"
"83975","25"
"81082","2"
"81082","25"
"78450","7"
"79971","9"
"79971","27"
"79488","22"
"76327","14"
"76327","15"
"76320","11"
"76320","12"
"86625","22"
"75664","21"
"75664","15"
"88914","7"
"87246","13"
"87246","12"
"92443","11"
"92443","18"
"92443","12"
"88036","1"
"88036","27"
"91052","1"
"91052","12"
"92557","1"
"92557","28"
"88215","2"
"88215","12"
"88638","7"
"89071","31"
"89071","6"
"89761","23"
"89761","6"
"93708","26"
"93708","25"
"97419","26"
"97419","25"
"93614","26"
"93614","25"
"92309","26"
"92309","25"
"98100","26"
"98100","12"
"93490","8"
"93490","7"
"89378","23"
"89378","6"
"89090","18"
"90438","8"
"90438","7"
"94790","2"
"94790","15"
"91281","18"
"91281","12"
"87416","23"
"87416","15"
"89884","13"
"89884","12"
"90214","26"
"90214","12"
"91530","9"
"91530","28"
"98487","2"
"98487","24"
"92249","7"
"89964","23"
"89964","6"
"90736","23"
"90736","6"
"94531","3"
"94531","20"
"89808","22"
"90271","3"
"91892","3"
"91892","12"
"93212","12"
"90253","11"
"90253","8"
"90253","12"
"93526","22"
"87184","22"
"95121","22"
"94612","22"
"88093","2"
"93300","12"
"90150","28"
"86979","9"
"86979","10"
"90777","11"
"90777","12"
"89084","11"
"89084","12"
"88303","23"
"88303","10"
"93981","2"
"93981","15"
"89736","22"
"92761","22"
"91899","22"
"89740","14"
"89740","15"
"91422","12"
"248098","3"
"97905","22"
"87376","11"
"87376","12"
"96265","14"
"96265","15"
"89849","6"
"91114","3"
"95596","12"
"93285","23"
"99029","2"
"99029","12"
"88065","23"
"95832","8"
"95832","15"
"91481","2"
"88205","8"
"88205","7"
"88720","2"
"91471","28"
"88633","23"
"88633","28"
"91030","31"
"91030","6"
"89053","11"
"90022","11"
"90022","12"
"89974","3"
"95864","2"
"96000","26"
"96000","12"
"91271","23"
"91271","6"
"97059","23"
"97059","6"
"92273","23"
"101243","4"
"101243","5"
"94351","21"
"94351","15"
"87545","8"
"87545","7"
"93149","3"
"93149","6"
"99962","14"
"99962","15"
"97454","11"
"97454","12"
"94821","14"
"94821","15"
"91918","6"
"91184","13"
"91184","25"
"87077","1"
"87077","28"
"91225","7"
"90073","23"
"90073","6"
"87975","22"
"88569","2"
"88569","7"
"91877","31"
"91877","6"
"94492","22"
"89568","23"
"89568","15"
"92472","15"
"87444","3"
"88838","8"
"88838","7"
"89662","2"
"91342","26"
"91342","12"
"87730","9"
"87730","28"
"90390","8"
"90390","5"
"99209","28"
"95014","3"
"94532","3"
"88961","26"
"88961","12"
"88535","14"
"88535","15"
"101027","3"
"101027","15"
"92830","8"
"92830","5"
"94361","8"
"94361","5"
"97345","22"
"92282","11"
"92282","12"
"91022","9"
"91022","27"
"87413","7"
"100690","8"
"100690","7"
"87549","12"
"88576","11"
"88576","12"
"88290","9"
"88290","28"
"92305","6"
"90307","6"
"90755","15"
"90767","22"
"94421","22"
"98041","22"
"99654","22"
"87580","6"
"90743","22"
"100991","23"
"100991","6"
"91891","6"
"100434","23"
"100434","6"
"94706","8"
"94706","7"
"95666","28"
"101065","22"
"95460","11"
"95460","12"
"93073","6"
"93595","12"
"89353","13"
"89353","12"
"107770","12"
"87386","26"
"97127","28"
"100722","12"
"101670","9"
"101670","7"
"95721","11"
"95721","3"
"95721","12"
"94886","3"
"93485","23"
"93485","10"
"90258","23"
"90258","15"
"100155","23"
"100155","15"
"97009","11"
"97009","12"
"101681","14"
"101681","15"
"91782","3"
"88155","3"
"88992","14"
"88992","15"
"89747","22"
"88600","16"
"88600","15"
"91045","14"
"91045","15"
"97850","22"
"95437","19"
"95437","20"
"94685","8"
"94685","7"
"88404","23"
"88404","6"
"209957","23"
"209957","6"
"97302","12"
"101582","23"
"100018","22"
"93479","21"
"93479","12"
"98387","22"
"92959","27"
"95382","2"
"92635","32"
"96662","4"
"96662","5"
"93436","1"
"93436","27"
"100929","22"
"92929","9"
"92929","5"
"87759","14"
"87759","15"
"89536","14"
"89536","12"
"101675","28"
"113278","13"
"113278","25"
"92061","11"
"92061","12"
"101558","19"
"101558","20"
"91753","17"
"88567","22"
"93960","20"
"95943","8"
"95943","7"
"101691","31"
"101691","15"
"99196","3"
"99244","3"
"99244","11"
"99244","12"
"98775","3"
"98775","15"
"94758","7"
"89458","25"
"89584","25"
"102866","25"
"101302","2"
"93493","36"
"95098","11"
"95098","2"
"95098","12"
"88069","2"
"88069","3"
"89563","2"
"101499","2"
"87818","2"
"87818","28"
"100939","14"
"100939","15"
"96040","9"
"96040","28"
"91738","9"
"91738","15"
"95856","15"
"92850","1"
"87480","22"
"96421","9"
"96421","5"
"100133","29"
"100133","15"
"100009","9"
"100009","10"
"95414","18"
"95414","25"
"94251","9"
"94251","15"
"100355","11"
"100355","12"
"97891","23"
"97891","6"
"92019","22"
"90915","23"
"90915","6"
"101587","2"
"99137","23"
"99137","6"
"90784","14"
"101411","22"
"96203","12"
"95126","11"
"95126","12"
"93668","3"
"100181","13"
"100181","12"
"101368","3"
"95189","6"
"87598","12"
"94953","11"
"94953","12"
"90138","6"
"95576","11"
"95576","12"
"100821","1"
"100821","25"
"87507","1"
"87507","25"
"95357","18"
"92772","15"
"87451","2"
"87451","28"
"88373","2"
"88373","25"
"96554","2"
"98336","25"
"96516","11"
"96516","12"
"89152","11"
"89152","6"
"88547","11"
"93020","11"
"93020","12"
"88271","11"
"88271","3"
"88271","12"
"95129","11"
"93976","14"
"93976","15"
"107958","11"
"107958","12"
"90865","11"
"89156","14"
"89156","15"
"94401","11"
"94401","12"
"92699","11"
"96947","2"
"88173","11"
"101886","11"
"95321","3"
"95321","20"
"96376","13"
"92842","25"
"96462","3"
"90123","25"
"100099","3"
"100099","20"
"89539","1"
"94791","11"
"94791","12"
"96841","3"
"97365","9"
"97365","22"
"89383","2"
"98022","11"
"98022","9"
"98022","12"
"99294","8"
"99294","7"
"94125","22"
"100002","3"
"100002","20"
"97033","25"
"89020","3"
"98677","6"
"99640","33"
"96267","6"
"98482","15"
"115060","6"
"118079","3"
"118079","11"
"102521","2"
"102400","25"
"114474","20"
"108045","20"
"108237","3"
"105357","3"
"105357","21"
"109213","3"
"109213","21"
"101924","14"
"101924","15"
"108731","2"
"108731","12"
"105521","15"
"103638","2"
"107792","2"
"102318","23"
"102318","15"
"119907","31"
"105239","4"
"105239","5"
"111470","4"
"108229","4"
"108229","5"
"108551","18"
"108551","35"
"104427","6"
"119891","18"
"119891","35"
"114962","1"
"114962","28"
"118746","18"
"118746","35"
"113001","2"
"103853","15"
"110960","2"
"105879","23"
"117166","14"
"117166","15"
"107429","14"
"107429","15"
"102205","6"
"113067","12"
"105856","22"
"109619","15"
"103464","15"
"119086","14"
"103947","11"
"102976","2"
"113259","22"
"119482","23"
"119482","28"
"111902","2"
"109381","2"
"106795","29"
"106795","15"
"108133","1"
"108133","28"
"102723","15"
"116560","25"
"102848","25"
"106675","26"
"106675","12"
"106794","14"
"107512","1"
"107512","12"
"107656","8"
"109795","8"
"109795","10"
"109351","8"
"109351","10"
"106891","8"
"115608","29"
"115608","15"
"102023","11"
"102023","18"
"102023","12"
"118211","21"
"103720","1"
"115758","2"
"115758","25"
"104565","3"
"111049","11"
"111049","12"
"118923","5"
"111843","13"
"119790","11"
"101895","32"
"101895","5"
"105545","25"
"111801","14"
"111801","15"
"111282","9"
"111282","22"
"111616","11"
"104380","3"
"103880","11"
"112136","29"
"112136","15"
"117818","22"
"112241","4"
"112241","5"
"114206","4"
"114206","5"
"104459","31"
"104459","6"
"107551","2"
"102014","2"
"108250","12"
"107709","9"
"107709","28"
"109491","9"
"109491","27"
"104543","9"
"104543","28"
"108342","2"
"108342","25"
"103940","34"
"115511","23"
"115511","28"
"107090","23"
"107090","28"
"113934","25"
"105024","23"
"105024","6"
"112092","5"
"103595","4"
"103595","5"
"118001","5"
"112377","23"
"112377","28"
"103419","15"
"107901","28"
"107796","6"
"107662","14"
"107662","15"
"248118","2"
"248118","28"
"113630","12"
"118751","15"
"107356","4"
"107356","5"
"112628","8"
"112628","15"
"109050","15"
"118690","11"
"118690","12"
"117671","22"
"111889","11"
"111889","24"
"113437","6"
"108142","11"
"108142","12"
"114091","11"
"105132","11"
"105132","12"
"132883","11"
"132883","12"
"106461","22"
"112283","10"
"115098","22"
"118985","22"
"119614","6"
"119614","10"
"114492","31"
"114492","6"
"111824","22"
"118007","2"
"110113","22"
"130788","23"
"130788","6"
"117281","23"
"117281","6"
"107821","22"
"119451","23"
"106310","18"
"115523","6"
"105721","21"
"105721","15"
"110657","8"
"110657","24"
"108164","3"
"108164","11"
"115900","3"
"117764","3"
"103502","9"
"220365","3"
"226259","3"
"226259","25"
"131585","3"
"131585","11"
"131585","12"
"134972","3"
"118939","3"
"111488","11"
"111488","12"
"119775","6"
"101990","4"
"101990","5"
"106261","3"
"114637","23"
"114637","15"
"105886","16"
"105886","15"
"102255","29"
"102255","15"
"116270","1"
"116270","28"
"118926","22"
"120723","1"
"120723","27"
"109171","23"
"109171","15"
"108200","22"
"102592","12"
"101974","10"
"121310","9"
"121310","28"
"119506","11"
"119506","12"
"107554","3"
"129587","20"
"115993","3"
"115077","3"
"116784","12"
"106598","8"
"106598","10"
"120116","1"
"117277","2"
"108757","23"
"108757","6"
"248129","28"
"103815","23"
"115205","23"
"115205","15"
"105205","9"
"105205","28"
"118976","11"
"118976","2"
"118976","12"
"117211","4"
"117211","5"
"106392","11"
"106392","5"
"112999","2"
"110493","31"
"110493","6"
"109944","31"
"109944","6"
"117890","9"
"117890","24"
"136388","12"
"222894","2"
"127993","2"
"113971","6"
"111551","6"
"116519","2"
"108831","7"
"118287","15"
"108400","6"
"110005","23"
"110005","28"
"118565","8"
"118565","7"
"106421","15"
"104995","13"
"104995","12"
"117639","31"
"117639","6"
"110882","23"
"110882","6"
"121012","11"
"121012","14"
"121012","12"
"108617","15"
"114623","26"
"114623","12"
"103650","20"
"120416","28"
"103968","8"
"103968","12"
"120889","26"
"120889","12"
"113025","31"
"113025","15"
"116177","15"
"126828","16"
"126828","15"
"220127","16"
"220127","15"
"129336","15"
"106840","15"
"111010","7"
"116517","16"
"116517","15"
"118589","16"
"118589","15"
"108764","7"
"107575","31"
"107575","6"
"112936","28"
"115144","9"
"115144","28"
"112068","20"
"110030","2"
"110698","2"
"110698","25"
"113598","2"
"113598","25"
"104290","31"
"104290","6"
"104906","22"
"115942","2"
"111437","9"
"111437","28"
"103735","22"
"119541","11"
"119541","12"
"120222","22"
"113899","14"
"113899","12"
"128064","9"
"128064","28"
"111354","14"
"111354","15"
"118474","22"
"111762","18"
"111762","35"
"112533","16"
"112533","15"
"130269","18"
"130269","35"
"103314","6"
"110217","16"
"110217","15"
"105888","1"
"105888","27"
"120068","6"
"116399","22"
"108017","23"
"108017","28"
"120398","36"
"120398","15"
"103482","2"
"103482","25"
"103717","26"
"103717","12"
"116090","14"
"116090","15"
"118132","3"
"113236","3"
"117387","15"
"120366","22"
"113369","8"
"113369","5"
"120940","1"
"120940","2"
"120353","22"
"108453","16"
"108453","15"
"104225","2"
"104225","5"
"116767","22"
"110366","12"
"115585","11"
"115585","12"
"119767","14"
"108962","14"
"116573","2"
"135895","2"
"120045","3"
"103498","22"
"104736","22"
"114547","2"
"114547","12"
"132468","2"
"132468","12"
"120007","11"
"120007","12"
"111034","6"
"102270","39"
"102270","15"
"129296","15"
"120012","16"
"120012","15"
"109075","12"
"110936","28"
"111771","12"
"120824","14"
"120824","15"
"107644","23"
"107644","28"
"119643","9"
"119643","27"
"104669","25"
"118674","29"
"118674","15"
"118497","15"
"114141","2"
"108144","2"
"103826","2"
"103826","11"
"103826","12"
"106067","9"
"106067","5"
"102601","3"
"112863","9"
"108850","11"
"118627","8"
"118627","5"
"112180","22"
"130726","12"
"118404","12"
"115323","22"
"104896","8"
"104896","7"
"109440","2"
"120646","8"
"120646","7"
"230700","7"
"119971","9"
"113047","21"
"113047","15"
"108730","18"
"108730","35"
"102278","21"
"102278","15"
"114858","11"
"114858","12"
"102250","23"
"102250","28"
"104721","3"
"103350","22"
"105737","9"
"105737","28"
"117547","7"
"110664","3"
"112736","9"
"112736","27"
"115353","3"
"115979","11"
"115979","12"
"109667","1"
"118961","3"
"104496","3"
"113327","2"
"129147","21"
"114114","17"
"115551","28"
"118220","9"
"118220","5"
"115280","3"
"107610","22"
"110766","2"
"102274","6"
"117461","8"
"117461","5"
"110291","3"
"110202","35"
"115157","6"
"113618","35"
"115381","35"
"112160","35"
"116156","11"
"116156","12"
"103112","9"
"103112","6"
"115786","18"
"115786","25"
"112911","11"
"112911","12"
"115090","22"
"106109","11"
"120439","15"
"121152","15"
"103447","8"
"103447","11"
"102394","8"
"105250","12"
"115834","2"
"115834","12"
"105367","2"
"110726","2"
"121140","7"
"116062","6"
"128301","31"
"128301","6"
"117713","26"
"105388","16"
"105388","15"
"113020","16"
"113020","11"
"113020","12"
"118980","16"
"118980","15"
"127471","6"
"106135","3"
"106135","20"
"114015","29"
"114015","15"
"119821","8"
"119821","7"
"114162","3"
"126055","23"
"126055","28"
"121724","23"
"121724","6"
"131307","23"
"131307","6"
"123849","8"
"123849","5"
"128969","21"
"128969","15"
"124696","23"
"124696","28"
"122570","6"
"122789","11"
"131009","22"
"124322","31"
"127240","6"
"130930","4"
"130930","5"
"130036","22"
"131075","3"
"131075","11"
"127389","3"
"128701","15"
"128028","6"
"124422","3"
"125531","11"
"121609","13"
"121609","12"
"126269","13"
"126269","12"
"125771","18"
"125771","36"
"125771","10"
"127004","18"
"127004","10"
"124646","23"
"124646","10"
"131249","23"
"131249","15"
"127021","11"
"127021","12"
"130377","35"
"131281","9"
"131281","12"
"123717","16"
"123717","15"
"128826","8"
"128826","5"
"126851","9"
"122043","28"
"121597","1"
"124869","2"
"248149","2"
"248149","12"
"122217","3"
"127141","3"
"127141","20"
"125983","3"
"131521","9"
"131521","15"
"121705","9"
"121705","15"
"131591","2"
"131591","12"
"122411","11"
"122411","12"
"127070","3"
"130029","11"
"130029","12"
"130274","7"
"126592","3"
"128322","2"
"128322","25"
"122487","11"
"122487","12"
"133007","2"
"127319","21"
"127319","15"
"121771","7"
"126962","7"
"123801","18"
"123801","35"
"135492","18"
"135492","35"
"124941","15"
"133247","18"
"127560","31"
"127560","6"
"123961","6"
"121333","23"
"121333","6"
"123978","21"
"123978","15"
"126068","22"
"126885","7"
"135640","7"
"123591","23"
"123591","28"
"122816","8"
"122816","10"
"127437","22"
"126018","7"
"121697","23"
"122355","8"
"122355","7"
"131021","7"
"121662","6"
"126475","23"
"126475","6"
"123029","35"
"128934","8"
"128934","5"
"127629","8"
"127629","5"
"122807","8"
"122807","5"
"124653","23"
"124653","6"
"124035","9"
"124035","28"
"123107","1"
"123107","28"
"128417","23"
"128417","15"
"123023","11"
"123007","1"
"123675","9"
"123675","10"
"131041","21"
"131041","15"
"122001","4"
"122001","5"
"132153","11"
"132153","12"
"127012","11"
"127012","12"
"126403","11"
"128225","5"
"124402","36"
"128862","21"
"126429","11"
"126429","12"
"122469","5"
"123390","11"
"123390","5"
"123539","14"
"123539","15"
"134834","8"
"134834","5"
"123158","8"
"123158","5"
"124580","13"
"135349","2"
"127072","23"
"127072","28"
"135494","15"
"135792","29"
"135792","15"
"126758","14"
"126758","5"
"125977","31"
"125977","6"
"126136","9"
"126136","5"
"130793","8"
"130793","7"
"130339","3"
"122274","8"
"122274","7"
"134070","8"
"134070","7"
"128266","22"
"126281","15"
"129523","9"
"129523","5"
"135335","22"
"134172","12"
"131854","23"
"131854","28"
"126309","26"
"126309","12"
"128585","2"
"134563","2"
"139786","23"
"139786","6"
"139390","26"
"139390","12"
"139140","3"
"143266","31"
"143266","6"
"139422","31"
"139422","6"
"140566","11"
"140566","24"
"143818","6"
"138495","3"
"143825","23"
"143825","28"
"138422","12"
"141670","32"
"141670","15"
"138325","8"
"138325","7"
"143149","4"
"143149","5"
"141113","23"
"141113","6"
"139547","22"
"140137","13"
"140137","12"
"142126","4"
"142126","5"
"147411","5"
"139884","3"
"139884","20"
"136870","23"
"136870","28"
"146633","11"
"146633","12"
"140532","2"
"140532","25"
"138532","25"
"138473","23"
"138473","15"
"142333","32"
"142333","28"
"136456","1"
"136456","27"
"142996","12"
"140884","22"
"141505","2"
"141505","25"
"137187","15"
"138468","8"
"138468","7"
"139882","8"
"139882","5"
"141821","12"
"139560","7"
"136626","3"
"136626","20"
"139564","11"
"139564","29"
"139564","12"
"139514","28"
"146939","16"
"146939","15"
"136970","21"
"141925","12"
"143469","8"
"143469","7"
"139215","2"
"143245","2"
"144424","8"
"144424","5"
"138441","11"
"138441","24"
"141283","4"
"141283","5"
"142924","4"
"142924","5"
"137334","7"
"137470","31"
"137470","6"
"139903","11"
"139903","22"
"142963","11"
"142963","12"
"140848","15"
"137105","15"
"144700","23"
"144700","28"
"143204","6"
"147847","2"
"147847","25"
"142357","1"
"136777","31"
"136777","6"
"145238","35"
"144808","2"
"140049","2"
"144257","24"
"238433","23"
"238433","28"
"144259","23"
"144259","28"
"136455","22"
"140246","5"
"137171","13"
"140619","2"
"140619","25"
"146492","35"
"139031","18"
"139031","15"
"139570","26"
"139570","24"
"142981","10"
"142896","22"
"146477","5"
"142205","9"
"142205","5"
"139061","22"
"137373","22"
"141790","33"
"145425","12"
"145321","26"
"145321","12"
"144410","35"
"142280","23"
"142280","28"
"139234","18"
"139234","15"
"142211","23"
"142211","28"
"144233","22"
"138681","12"
"140179","23"
"145208","3"
"145208","12"
"139633","3"
"140341","12"
"136581","28"
"146290","29"
"146290","15"
"138440","31"
"138440","6"
"143607","21"
"143607","10"
"139612","11"
"139612","24"
"143683","23"
"143683","28"
"138136","11"
"138136","12"
"141929","11"
"141929","12"
"144840","11"
"144840","24"
"139716","9"
"139716","11"
"139716","3"
"243805","23"
"243805","28"
"136866","1"
"136866","28"
"145725","2"
"136857","2"
"141815","31"
"141815","6"
"140316","7"
"240249","31"
"240249","6"
"137082","11"
"137082","21"
"137082","12"
"139322","3"
"142016","5"
"143226","23"
"143226","28"
"139636","33"
"139126","14"
"139126","15"
"247017","22"
"137038","22"
"142628","22"
"145755","1"
"145755","27"
"137748","27"
